0.00,3461,9,3.59
0.01,3897,0,0
0.02,0,0,4.39
0.03,4256,0,0
0.04,4581,0,5.18
0.05,4807,152,0
0.06,5056,0,5.84
0.07,5221,0,0
0.08,0,237,6.41
0.09,5368,0,0
0.1,5496,0,7.09
0.11,5603,275,0
0.12,5696,0,8.06
0.13,5794,382,0
0.14,5874,0,8.56
0.15,5963,454,0
0.16,6033,525,8.65
0.17,6127,611,0
0.18,6179,756,8.26
0.19,6273,825,0
0.2,6310,832,8.45
0.21,6399,925,0
0.22,6439,0,8.65
0.23,6543,0,0
0.24,6641,1031,8.96
0.25,6642,0,0
0.26,6737,1230,8.88
0.27,6737,0,0
0.28,6780,0,8.84
0.29,6780,1410,0
0.3,6780,1551,8.67
0.31,6780,0,0
0.32,6780,1662,8.63
0.33,6763,0,0
0.34,6763,1776,8.62
0.35,6763,0,0
0.36,6763,1828,8.56
0.37,6789,1894,0
0.38,6789,0,8.49
0.39,6868,1953,0
0.4,6868,2020,8.39
0.41,6925,0,0
0.42,6977,2062,8.26
0.43,6977,2135,0
0.44,7041,2166,8.11
0.45,7041,0,0
0.46,7150,2229,8.32
0.47,7150,2266,0
0.48,7150,2331,8.49
0.49,7158,0,0
0.5,7158,2368,8.55
0.51,7249,2438,0
0.52,7249,2458,8.27
0.53,7249,2508,0
0.54,7249,2512,8.14
0.55,7249,0,0
0.56,7256,2553,8.14
0.57,7256,2564,0
0.58,7256,2594,8.14
0.59,7262,2598,0
0.6,7262,2630,8.14
0.61,7283,2630,0
0.62,7292,0,8.17
0.63,7292,2652,0
0.64,7317,2652,8.27
0.65,7317,2665,0
0.66,7334,2665,8.35
0.67,7340,2693,0
0.68,7340,2693,8.61
0.69,7394,2703,0
0.7,7394,2703,8.7
0.71,7394,2721,0
0.72,7394,0,8.75
0.73,7382,2721,0
0.74,7382,2741,8.53
0.75,7401,2741,0
0.76,7401,2748,8.43
0.77,7417,2748,0
0.78,7417,2772,8.37
0.79,7428,2772,0
0.8,7444,2792,8.38
0.81,7444,2792,0
0.82,7456,2826,8.66
0.83,7456,2826,0
0.84,7456,2835,8.83
0.85,7456,2835,0
0.86,7456,0,8.91
0.87,7459,2850,0
0.88,7468,2850,8.79
0.89,7468,2875,0
0.9,7494,2878,8.95
0.91,7502,2893,0
0.92,7502,2893,9.22
0.93,7511,2936,0
0.94,7511,2951,9.22
0.95,7511,2953,0
0.96,7511,2953,8.95
0.97,7511,2976,0
0.98,7527,2976,8.64
0.99,7527,2985,0
1,7524,2985,8.61
1.01,7524,3007,0
1.02,7525,3007,8.67
1.03,7536,3025,0
1.04,7542,3025,8.73
1.05,7542,3050,0
1.06,7573,3050,8.74
1.07,7580,3089,0
1.08,7580,3089,8.73
1.09,7602,3125,0
1.1,7602,3125,8.93
1.11,7602,3147,0
1.12,7602,3157,8.96
1.13,7602,3157,0
1.14,7610,3194,8.98
1.15,7629,3194,0
1.16,7629,3215,8.77
1.17,7645,3215,0
1.18,7645,3225,8.69
1.19,7645,3225,0
1.2,7645,3237,8.63
1.21,7645,3237,0
1.22,7645,3237,8.61
1.23,7651,3226,0
1.24,7651,3182,8.6
1.25,7638,3182,0
1.26,7637,2934,8.81
1.27,7631,2934,0
1.28,7631,3019,8.84
1.29,7594,3084,0
1.3,7568,3183,8.82
1.31,7565,3183,0
1.32,7543,3180,8.66
1.33,7514,3145,0
1.34,7514,3145,8.6
1.35,7505,3145,0
1.36,7505,3182,8.59
1.37,7505,3203,0
1.38,7505,3203,8.65
1.39,7509,3216,0
1.4,7514,3216,8.69
1.41,7514,3245,0
1.42,7517,3245,8.7
1.43,7517,3260,0
1.44,7522,3260,8.69
1.45,7522,3286,0
1.46,7522,3286,8.67
1.47,7549,3324,0
1.48,7549,3348,8.63
1.49,7549,3348,0
1.5,7555,3369,8.53
1.51,7555,3369,0
1.52,7563,3385,8.53
1.53,7577,3385,0
1.54,7577,3418,8.56
1.55,7583,3418,0
1.56,7583,3436,8.53
1.57,7580,3460,0
1.58,7580,3460,8.5
1.59,7580,3474,0
1.6,7590,3474,8.5
1.61,7603,3525,0
1.62,7603,3532,8.55
1.63,7621,3532,0
1.64,7624,3558,8.57
1.65,7624,3558,0
1.66,7649,3586,8.6
1.67,7649,3611,0
1.68,7649,3611,8.6
1.69,7669,3633,0
1.7,7669,3633,8.63
1.71,7673,3666,0
1.72,7680,3668,8.61
1.73,7680,3668,0
1.74,7687,3698,8.67
1.75,7695,3698,0
1.76,7695,3728,8.89
1.77,7718,3728,0
1.78,7718,3728,9.01
1.79,7718,3770,0
1.8,7732,3787,9.03
1.81,7732,3787,0
1.82,7732,3808,8.81
1.83,7735,3808,0
1.84,7735,3813,8.72
1.85,7741,3847,0
1.86,7744,3847,8.71
1.87,7744,3875,0
1.88,7746,3885,8.71
1.89,7757,3885,0
1.9,7757,3914,8.74
1.91,7758,3929,0
1.92,7765,3929,8.76
1.93,7765,3971,0
1.94,7791,3971,8.77
1.95,7791,3971,0
1.96,7791,3996,8.84
1.97,7792,4007,0
1.98,7792,4007,8.82
1.99,7792,4053,0
2,7792,4053,8.83
2.01,7790,4053,0
2.02,7790,4066,8.76
2.03,7802,4095,0
2.04,7802,4095,8.78
2.05,7809,4108,0
2.06,7809,4121,8.79
2.07,7809,4121,0
2.08,7827,4143,8.8
2.09,7830,4183,0
2.1,7830,4183,8.83
2.11,7838,4183,0
2.12,7854,4212,8.86
2.13,7854,4212,0
2.14,7867,4212,8.88
2.15,7867,4248,0
2.16,7867,4248,8.84
2.17,7869,4248,0
2.18,7869,4271,8.82
2.19,7869,4302,0
2.2,7871,4315,8.84
2.21,7871,4315,0
2.22,7871,4318,8.88
2.23,7892,4367,0
2.24,7892,4372,8.92
2.25,7892,4372,0
2.26,7906,4406,8.94
2.27,7906,4406,0
2.28,7906,4398,8.95
2.29,7906,4398,0
2.3,7891,4454,8.94
2.31,7891,4454,0
2.32,7892,4454,9.13
2.33,7892,4468,0
2.34,7897,4494,9.2
2.35,7910,4510,0
2.36,7910,4510,9.22
2.37,7915,4510,0
2.38,7915,4556,9.04
2.39,7915,4556,0
2.4,7919,4556,8.95
2.41,7923,4562,0
2.42,7923,4591,8.9
2.43,7923,4623,0
2.44,7923,4623,8.91
2.45,7923,4623,0
2.46,7935,4623,8.99
2.47,7941,4657,0
2.48,7941,4657,9.04
2.49,7952,4657,0
2.5,7953,4685,9.03
2.51,7953,4715,0
2.52,7953,4725,8.99
2.53,7967,4725,0
2.54,7967,4725,8.95
2.55,7977,4742,0
2.56,7980,4760,8.93
2.57,7980,4796,0
2.58,7988,4796,8.96
2.59,7995,4791,0
2.6,7995,4791,9.02
2.61,7996,4816,0
2.62,8010,4851,9.05
2.63,8010,4851,0
2.64,8018,4848,9.08
2.65,8020,4848,0
2.66,8020,4891,9.07
2.67,8028,4902,0
2.68,8043,4908,9.1
2.69,8043,4908,0
2.7,8059,4908,9.09
2.71,8065,4927,0
2.72,8065,4961,9.11
2.73,8070,4978,0
2.74,8072,4978,9.1
2.75,8072,4978,0
2.76,8084,4979,9.07
2.77,8098,5008,0
2.78,8098,5052,9.09
2.79,8109,5052,0
2.8,8109,5052,9.1
2.81,8109,5052,0
2.82,8125,5052,9.13
2.83,8150,5052,0
2.84,8150,5115,9.14
2.85,8150,5126,0
2.86,8168,5133,9.15
2.87,8168,5133,0
2.88,8168,5129,9.19
2.89,8185,5129,0
2.9,8185,5158,9.19
2.91,8185,5192,0
2.92,8193,5192,9.21
2.93,8193,5226,0
2.94,8180,5226,9.26
2.95,8180,5215,0
2.96,8183,5215,9.29
2.97,8183,5234,0
2.98,8190,5249,9.3
2.99,8193,5294,0
3,8193,5294,9.25
3.01,8198,5323,0
3.02,8211,5323,9.24
3.03,8211,5307,0
3.04,8218,5307,9.25
3.05,8240,5316,0
3.06,8240,5334,9.31
3.07,8240,5364,0
3.08,8250,5393,9.32
3.09,8250,5402,0
3.1,8250,5419,9.33
3.11,8255,5435,0
3.12,8255,5435,9.33
3.13,8246,5426,0
3.14,8246,5426,9.36
3.15,8250,5448,0
3.16,8250,5451,9.43
3.17,8250,5476,0
3.18,8253,5481,9.46
3.19,8253,5540,0
3.2,8260,5540,9.45
3.21,8286,5540,0
3.22,8286,5562,9.4
3.23,8286,5577,0
3.24,8290,5577,9.41
3.25,8290,5556,0
3.26,8274,5556,9.43
3.27,8274,5573,0
3.28,8276,5576,9.44
3.29,8276,5576,0
3.3,8276,5604,9.43
3.31,8279,5613,0
3.32,8279,5613,9.45
3.33,8279,5656,0
3.34,8302,5678,9.46
3.35,8302,5701,0
3.36,8302,5701,9.47
3.37,8318,5701,0
3.38,8318,5718,9.44
3.39,8299,5743,0
3.4,8299,5743,9.4
3.41,8307,5758,0
3.42,8307,5758,9.38
3.43,8308,5741,0
3.44,8320,5741,9.42
3.45,8320,5756,0
3.46,8320,5766,9.45
3.47,8340,5775,0
3.48,8340,5775,9.48
3.49,8340,5801,0
3.5,8340,5812,9.47
3.51,8337,5818,0
3.52,8315,5818,9.49
3.53,8315,5842,0
3.54,8324,5857,9.5
3.55,8324,5857,0
3.56,8327,5877,9.48
3.57,8344,5880,0
3.58,8344,5895,9.47
3.59,8344,5895,0
3.6,8345,5910,9.46
3.61,8345,5929,0
3.62,8345,5935,9.46
3.63,8361,5939,0
3.64,8361,5951,9.46
3.65,8342,5972,0
3.66,8342,5972,9.48
3.67,8343,5972,0
3.68,8343,5995,9.53
3.69,8343,6000,0
3.7,8364,6000,9.53
3.71,8364,6016,0
3.72,8364,6027,9.52
3.73,8371,6028,0
3.74,8371,6028,9.47
3.75,8356,6056,0
3.76,8356,6070,9.43
3.77,8358,6070,0
3.78,8358,6075,9.43
3.79,8358,6102,0
3.8,8381,6105,9.47
3.81,8381,6105,0
3.82,8381,6122,9.52
3.83,8384,6123,0
3.84,8384,6138,9.55
3.85,8377,6138,0
3.86,8377,6156,9.52
3.87,8377,6165,0
3.88,8377,6165,9.52
3.89,8379,6165,0
3.9,8398,6193,9.51
3.91,8398,6245,0
3.92,8398,6245,9.53
3.93,8401,6267,0
3.94,8401,6279,9.52
3.95,8384,6283,0
3.96,8384,6283,9.53
3.97,8391,6300,0
3.98,8391,6317,9.52
3.99,8392,6317,0
4,8416,6323,9.52
4.01,8416,6323,0
4.02,8416,6305,9.54
4.03,8416,6305,0
4.04,8416,6323,9.54
4.05,8403,6323,0
4.06,8403,6323,9.54
4.07,8405,6344,0
4.08,8405,6358,9.5
4.09,8405,6371,0
4.1,8417,6410,9.51
4.11,8417,6428,0
4.12,8416,6428,9.53
4.13,8416,6428,0
4.14,8416,6448,9.57
4.15,8403,6470,0
4.16,8403,6470,9.56
4.17,8407,6445,0
4.18,8407,6445,9.57
4.19,8407,6445,0
4.2,8425,6445,9.6
4.21,8425,6465,0
4.22,8425,6489,9.62
4.23,8428,6529,0
4.24,8428,6537,9.63
4.25,8415,6557,0
4.26,8415,6557,9.56
4.27,8415,6557,0
4.28,8409,6557,9.56
4.29,8409,6552,0
4.3,8427,6546,9.55
4.31,8427,6546,0
4.32,8422,6568,9.57
4.33,8422,6568,0
4.34,8422,6612,9.56
4.35,8407,6635,0
4.36,8407,6635,9.56
4.37,8409,6635,0
4.38,8409,6640,9.59
4.39,8409,6640,0
4.4,8420,6629,9.55
4.41,8420,6629,0
4.42,8420,6665,9.52
4.43,8423,6681,0
4.44,8423,6681,9.47
4.45,8408,6718,0
4.46,8408,6718,9.52
4.47,8411,6706,0
4.48,8411,6706,9.54
4.49,8411,6706,0
4.5,8434,6702,9.58
4.51,8434,6702,0
4.52,8434,6772,9.56
4.53,8436,6772,0
4.54,8436,6774,9.61
4.55,8424,6774,0
4.56,8424,6769,9.62
4.57,8441,6762,0
4.58,8441,6762,9.63
4.59,8441,6802,0
4.6,8441,6811,9.59
4.61,8437,6840,0
4.62,8420,6840,9.58
4.63,8420,6800,0
4.64,8424,6800,9.61
4.65,8424,6836,0
4.66,8424,6841,9.64
4.67,8431,6873,0
4.68,8431,6905,9.65
4.69,8431,6905,0
4.7,8435,6875,9.62
4.71,8435,6875,0
4.72,8420,6875,9.63
4.73,8420,6875,0
4.74,8420,6932,9.64
4.75,8416,6949,0
4.76,8416,6949,9.63
4.77,8428,6943,0
4.78,8428,6943,9.58
4.79,8423,6943,0
4.8,8423,6986,9.56
4.81,8423,7011,0
4.82,8410,7011,9.55
4.83,8410,6968,0
4.84,8414,6968,9.58
4.85,8414,6985,0
4.86,8416,7006,9.58
4.87,8424,7028,0
4.88,8424,7028,9.61
4.89,8422,7006,0
4.9,8422,7006,9.65
4.91,8422,7033,0
4.92,8402,7045,9.67
4.93,8402,7075,0
4.94,8402,7075,9.63
4.95,8395,7041,0
4.96,8395,7041,9.59
4.97,8416,7067,0
4.98,8416,7092,9.56
4.99,8416,7101,0
5,8416,7101,9.55
5.01,8403,7073,0
5.02,8397,7073,9.56
5.03,8397,7155,0
5.04,8401,7155,9.58
5.05,8401,7142,0
5.06,8404,7142,9.62
5.07,8405,7142,0
5.08,8405,7169,9.61
5.09,8402,7196,0
5.1,8402,7196,9.6
5.11,8397,7145,0
5.12,8366,7145,9.54
5.13,8366,7180,0
5.14,8366,7180,9.51
5.15,8358,7213,0
5.16,8358,7213,9.51
5.17,8379,7213,0
5.18,8379,7244,9.51
5.19,8377,7244,0
5.2,8377,7235,9.53
5.21,8376,7235,0
5.22,8353,7255,9.51
5.23,8353,7266,0
5.24,8353,7276,9.53
5.25,8330,7276,0
5.26,8330,7229,9.52
5.27,8333,7229,0
5.28,8333,7312,9.5
5.29,8333,7312,0
5.3,8337,7306,9.48
5.31,8337,7306,0
5.32,8337,7306,9.49
5.33,8340,7332,0
5.34,8340,7332,9.5
5.35,8322,7296,0
5.36,8322,7296,9.5
5.37,8322,7361,0
5.38,8315,7361,9.49
5.39,8315,7351,0
5.4,8335,7351,9.47
5.41,8335,7363,0
5.42,8321,7377,9.5
5.43,8321,7377,0
5.44,8321,7333,9.46
5.45,8305,7333,0
5.46,8305,7416,9.44
5.47,8305,7416,0
5.48,8303,7410,9.35
5.49,8303,7410,0
5.5,8303,7418,9.31
5.51,8289,7419,0
5.52,8289,7419,9.29
5.53,8317,7419,0
5.54,8317,7428,9.34
5.55,8317,7428,0
5.56,8322,7393,9.39
5.57,8322,7393,0
5.58,8306,7482,9.47
5.59,8306,7482,0
5.6,8312,7470,9.45
5.61,8312,7470,0
5.62,8315,7470,9.43
5.63,8315,7485,0
5.64,8313,7485,9.4
5.65,8313,7467,0
5.66,8337,7467,9.39
5.67,8337,7542,0
5.68,8337,7542,9.41
5.69,8345,7524,0
5.7,8345,7524,9.37
5.71,8303,7520,0
5.72,8303,7520,9.39
5.73,8320,7539,0
5.74,8320,7539,9.39
5.75,8320,7555,0
5.76,8340,7555,9.41
5.77,8340,7555,0
5.78,8340,7595,9.37
5.79,8345,7595,0
5.8,8345,7561,9.33
5.81,8345,7561,0
5.82,8357,7587,9.35
5.83,8357,7587,0
5.84,8344,7587,9.39
5.85,8344,7593,0
5.86,8349,7593,9.39
5.87,8349,7600,0
5.88,8349,7600,9.39
5.89,8362,7600,0
5.9,8362,7600,9.35
5.91,8362,7596,0
5.92,8362,7596,9.4
5.93,8353,7678,0
5.94,8348,7678,9.46
5.95,8348,7629,0
5.96,8350,7629,9.49
5.97,8350,7668,0
5.98,8368,7668,9.48
5.99,8385,7650,0
6,8385,7650,9.44
6.01,8385,7680,0
6.02,8393,7680,9.39
6.03,8393,7680,0
6.04,8360,7684,9.39
6.05,8360,7684,0
6.06,8360,7640,9.36
6.07,8359,7640,0
6.08,8359,7655,9.36
6.09,8387,7655,0
6.1,8387,7666,9.35